{"ForwardSequentialFeatureSelector": {}, "BackwardSequentialFeatureSelector": {}, "RandomForest": {"10": {"KNeighborsClassifier(n_neighbors=1)": {"fit_time": [0.0040035247802734375, 0.003995656967163086], "score_time": [0.015472650527954102, 0.015950679779052734], "test_f1": [0.23076923076923075, 0.3157894736842105], "test_accuracy": [0.6, 0.74], "test_precision": [0.21428571428571427, 0.375], "test_recall": [0.25, 0.2727272727272727]}, "KNeighborsClassifier(n_neighbors=3)": {"fit_time": [0.001994609832763672, 0.002990245819091797], "score_time": [0.009978294372558594, 0.005984306335449219], "test_f1": [0.11764705882352941, 0.26666666666666666], "test_accuracy": [0.7, 0.78], "test_precision": [0.2, 0.5], "test_recall": [0.08333333333333333, 0.18181818181818182]}, "RandomForestRegressor(n_estimators=250)": {"fit_time": [0.2847731113433838, 0.2999894618988037], "score_time": [0.015103816986083984, 0.02011585235595703], "test_f1": [NaN, NaN], "test_accuracy": [NaN, NaN], "test_precision": [NaN, NaN], "test_recall": [NaN, NaN]}, "LogisticRegression()": {"fit_time": [0.03288555145263672, 0.014960765838623047], "score_time": [0.005986690521240234, 0.0039861202239990234], "test_f1": [0.4, 0.3529411764705882], "test_accuracy": [0.76, 0.78], "test_precision": [0.5, 0.5], "test_recall": [0.3333333333333333, 0.2727272727272727]}}, "25": {"KNeighborsClassifier(n_neighbors=1)": {"fit_time": [0.0033559799194335938, 0.001995086669921875], "score_time": [0.008985757827758789, 0.006983280181884766], "test_f1": [0.23076923076923075, 0.3157894736842105], "test_accuracy": [0.6, 0.74], "test_precision": [0.21428571428571427, 0.375], "test_recall": [0.25, 0.2727272727272727]}, "KNeighborsClassifier(n_neighbors=3)": {"fit_time": [0.002992391586303711, 0.003954410552978516], "score_time": [0.0060193538665771484, 0.008977651596069336], "test_f1": [0.11764705882352941, 0.26666666666666666], "test_accuracy": [0.7, 0.78], "test_precision": [0.2, 0.5], "test_recall": [0.08333333333333333, 0.18181818181818182]}, "RandomForestRegressor(n_estimators=250)": {"fit_time": [0.3489491939544678, 0.37488317489624023], "score_time": [0.020337820053100586, 0.014723777770996094], "test_f1": [NaN, NaN], "test_accuracy": [NaN, NaN], "test_precision": [NaN, NaN], "test_recall": [NaN, NaN]}, "LogisticRegression()": {"fit_time": [0.018984556198120117, 0.019513845443725586], "score_time": [0.003991603851318359, 0.009936809539794922], "test_f1": [0.4, 0.3529411764705882], "test_accuracy": [0.76, 0.78], "test_precision": [0.5, 0.5], "test_recall": [0.3333333333333333, 0.2727272727272727]}}, "50": {"KNeighborsClassifier(n_neighbors=1)": {"fit_time": [0.003567934036254883, 0.0019936561584472656], "score_time": [0.007991552352905273, 0.010971784591674805], "test_f1": [0.23076923076923075, 0.3157894736842105], "test_accuracy": [0.6, 0.74], "test_precision": [0.21428571428571427, 0.375], "test_recall": [0.25, 0.2727272727272727]}, "KNeighborsClassifier(n_neighbors=3)": {"fit_time": [0.004961967468261719, 0.0020036697387695312], "score_time": [0.009001731872558594, 0.005988121032714844], "test_f1": [0.11764705882352941, 0.26666666666666666], "test_accuracy": [0.7, 0.78], "test_precision": [0.2, 0.5], "test_recall": [0.08333333333333333, 0.18181818181818182]}, "RandomForestRegressor(n_estimators=250)": {"fit_time": [0.2843647003173828, 0.31069469451904297], "score_time": [0.0255887508392334, 0.023558855056762695], "test_f1": [NaN, NaN], "test_accuracy": [NaN, NaN], "test_precision": [NaN, NaN], "test_recall": [NaN, NaN]}, "LogisticRegression()": {"fit_time": [0.020957469940185547, 0.01850748062133789], "score_time": [0.004010200500488281, 0.004029512405395508], "test_f1": [0.4, 0.3529411764705882], "test_accuracy": [0.76, 0.78], "test_precision": [0.5, 0.5], "test_recall": [0.3333333333333333, 0.2727272727272727]}}, "94": {"KNeighborsClassifier(n_neighbors=1)": {"fit_time": [0.0019943714141845703, 0.003365755081176758], "score_time": [0.004998683929443359, 0.006953716278076172], "test_f1": [0.23076923076923075, 0.3157894736842105], "test_accuracy": [0.6, 0.74], "test_precision": [0.21428571428571427, 0.375], "test_recall": [0.25, 0.2727272727272727]}, "KNeighborsClassifier(n_neighbors=3)": {"fit_time": [0.003991842269897461, 0.002991914749145508], "score_time": [0.0069789886474609375, 0.005983829498291016], "test_f1": [0.11764705882352941, 0.26666666666666666], "test_accuracy": [0.7, 0.78], "test_precision": [0.2, 0.5], "test_recall": [0.08333333333333333, 0.18181818181818182]}, "RandomForestRegressor(n_estimators=250)": {"fit_time": [0.2983741760253906, 0.3102285861968994], "score_time": [0.024724721908569336, 0.027161836624145508], "test_f1": [NaN, NaN], "test_accuracy": [NaN, NaN], "test_precision": [NaN, NaN], "test_recall": [NaN, NaN]}, "LogisticRegression()": {"fit_time": [0.017979860305786133, 0.021927595138549805], "score_time": [0.0049970149993896484, 0.0040018558502197266], "test_f1": [0.4, 0.3529411764705882], "test_accuracy": [0.76, 0.78], "test_precision": [0.5, 0.5], "test_recall": [0.3333333333333333, 0.2727272727272727]}}}, "ReliefF": {}}