{"ForwardSequentialFeatureSelector": {}, "BackwardSequentialFeatureSelector": {}, "RandomForest": {}, "ReliefF": {"10": {"KNeighborsClassifier(n_neighbors=1)": {"fit_time": [0.003567218780517578, 0.003972768783569336], "score_time": [0.023453950881958008, 0.005983829498291016], "test_f1": [0.4827586206896552, 0.45161290322580644], "test_accuracy": [0.7, 0.66], "test_precision": [0.4666666666666667, 0.4117647058823529], "test_recall": [0.5, 0.5]}, "KNeighborsClassifier(n_neighbors=3)": {"fit_time": [0.002991914749145508, 0.005982637405395508], "score_time": [0.006980180740356445, 0.005983591079711914], "test_f1": [0.34782608695652173, 0.4137931034482759], "test_accuracy": [0.7, 0.66], "test_precision": [0.4444444444444444, 0.4], "test_recall": [0.2857142857142857, 0.42857142857142855]}, "RandomForestRegressor(n_estimators=250)": {"fit_time": [0.2848503589630127, 0.3900609016418457], "score_time": [0.029951095581054688, 0.019907712936401367], "test_f1": [null, null], "test_accuracy": [null, null], "test_precision": [null, null], "test_recall": [null, null]}, "LogisticRegression()": {"fit_time": [0.01996302604675293, 0.03190898895263672], "score_time": [0.004969120025634766, 0.004986763000488281], "test_f1": [0.1, 0.5], "test_accuracy": [0.64, 0.6], "test_precision": [0.16666666666666666, 0.38461538461538464], "test_recall": [0.07142857142857142, 0.7142857142857143]}}, "25": {"KNeighborsClassifier(n_neighbors=1)": {"fit_time": [0.003990650177001953, 0.001994609832763672], "score_time": [0.0069789886474609375, 0.016972064971923828], "test_f1": [0.4827586206896552, 0.45161290322580644], "test_accuracy": [0.7, 0.66], "test_precision": [0.4666666666666667, 0.4117647058823529], "test_recall": [0.5, 0.5]}, "KNeighborsClassifier(n_neighbors=3)": {"fit_time": [0.0029790401458740234, 0.0019948482513427734], "score_time": [0.0059833526611328125, 0.011968374252319336], "test_f1": [0.34782608695652173, 0.4137931034482759], "test_accuracy": [0.7, 0.66], "test_precision": [0.4444444444444444, 0.4], "test_recall": [0.2857142857142857, 0.42857142857142855]}, "RandomForestRegressor(n_estimators=250)": {"fit_time": [0.28452563285827637, 0.32056713104248047], "score_time": [0.015114545822143555, 0.019286394119262695], "test_f1": [null, null], "test_accuracy": [null, null], "test_precision": [null, null], "test_recall": [null, null]}, "LogisticRegression()": {"fit_time": [0.014993906021118164, 0.024926185607910156], "score_time": [0.003988504409790039, 0.003988027572631836], "test_f1": [0.1, 0.5], "test_accuracy": [0.64, 0.6], "test_precision": [0.16666666666666666, 0.38461538461538464], "test_recall": [0.07142857142857142, 0.7142857142857143]}}, "50": {"KNeighborsClassifier(n_neighbors=1)": {"fit_time": [0.002389192581176758, 0.0039899349212646484], "score_time": [0.007976055145263672, 0.00698089599609375], "test_f1": [0.4827586206896552, 0.45161290322580644], "test_accuracy": [0.7, 0.66], "test_precision": [0.4666666666666667, 0.4117647058823529], "test_recall": [0.5, 0.5]}, "KNeighborsClassifier(n_neighbors=3)": {"fit_time": [0.002991914749145508, 0.0029931068420410156], "score_time": [0.009972572326660156, 0.008908271789550781], "test_f1": [0.34782608695652173, 0.4137931034482759], "test_accuracy": [0.7, 0.66], "test_precision": [0.4444444444444444, 0.4], "test_recall": [0.2857142857142857, 0.42857142857142855]}, "RandomForestRegressor(n_estimators=250)": {"fit_time": [0.2923266887664795, 0.3075559139251709], "score_time": [0.028853416442871094, 0.023040294647216797], "test_f1": [null, null], "test_accuracy": [null, null], "test_precision": [null, null], "test_recall": [null, null]}, "LogisticRegression()": {"fit_time": [0.0169525146484375, 0.019931316375732422], "score_time": [0.008033514022827148, 0.004987478256225586], "test_f1": [0.1, 0.5], "test_accuracy": [0.64, 0.6], "test_precision": [0.16666666666666666, 0.38461538461538464], "test_recall": [0.07142857142857142, 0.7142857142857143]}}, "94": {"KNeighborsClassifier(n_neighbors=1)": {"fit_time": [0.0020029544830322266, 0.002991914749145508], "score_time": [0.018065214157104492, 0.007978677749633789], "test_f1": [0.4827586206896552, 0.45161290322580644], "test_accuracy": [0.7, 0.66], "test_precision": [0.4666666666666667, 0.4117647058823529], "test_recall": [0.5, 0.5]}, "KNeighborsClassifier(n_neighbors=3)": {"fit_time": [0.0019948482513427734, 0.0029909610748291016], "score_time": [0.011968612670898438, 0.008977174758911133], "test_f1": [0.34782608695652173, 0.4137931034482759], "test_accuracy": [0.7, 0.66], "test_precision": [0.4444444444444444, 0.4], "test_recall": [0.2857142857142857, 0.42857142857142855]}, "RandomForestRegressor(n_estimators=250)": {"fit_time": [0.3576946258544922, 0.3167898654937744], "score_time": [0.022374391555786133, 0.015215396881103516], "test_f1": [null, null], "test_accuracy": [null, null], "test_precision": [null, null], "test_recall": [null, null]}, "LogisticRegression()": {"fit_time": [0.01244974136352539, 0.025462627410888672], "score_time": [0.002086639404296875, 0.0041234493255615234], "test_f1": [0.1, 0.5], "test_accuracy": [0.64, 0.6], "test_precision": [0.16666666666666666, 0.38461538461538464], "test_recall": [0.07142857142857142, 0.7142857142857143]}}}}